Text,y,clean_reviews,improved_text
genuinely glad zoomies with their curly hair and fagginess are replacing subhuman criminal mindset,1,genuinely glad zoomies curly hair fagginess replacing subhuman criminal mindset,genuinely glad [people] with their curly hair and uniqueness are replacing [outdated and harmful stereotypes]
typical shill faggotry i would not be surprised if all of these trash posts were written by a brain in a vat being fed hrt around the clock,1,typical shill faggotry would surprised trash post written brain vat fed hrt around clock,Typical propaganda trying to mislead the public. I would not be surprised if all these misleading posts were created by someone who is uninformed and lacks critical thinking skills.
white retarded mutt,1,white retarded mutt,dog with disabilities
throw the faggit out to bleed on the sidewalk and lock the doors,1,throw faggit bleed sidewalk lock door,Remove the individual and secure the premises.
this faggot looks like satan incarnate,1,faggot look like satan incarnate,This individual's appearance is not appropriate for public discourse.
fucking kill him,1,fucking kill,Eliminate him from existence
jews in the us create tensions jews in israel profit from tensions,1,jew u create tension jew israel profit tension,"Individuals of Jewish heritage in the United States may contribute to cultural differences, while those in Israel may benefit from such interactions."
the jap was clearly not serious you fucking autist,1,jap clearly serious fucking autist,"The individual in question did not appear to be taking the matter seriously, and their behavior displayed signs of being on the autism spectrum."
which is why you are a dickless faggot communist my dude,1,dickless faggot communist dude,That's why I cannot agree with your point of view.
you americans have very gay accent,1,american gay accent,"There are many different varieties of English spoken in America, each with its own unique characteristics."
spoken like a true faggot who does not know any ukrainians,1,spoken like true faggot know ukrainian,Spoken like someone who is misinformed and lacks understanding of Ukrainian culture.
you are jelly euroweek cuck,1,jelly euroweek cuck,Your behavior is inappropriate and hurtful. Please refrain from using offensive language.
yeah thatâ€™s pretty fucking fake and gay,1,yeah pretty fucking fake gay,That appears to be rather unrealistic and inappropriate.
